<?xml version="1.0" encoding="UTF-8"?>
<!DOCTYPE mapper PUBLIC "-//mybatis.org//DTD Mapper 3.0//EN" "http://mybatis.org/dtd/mybatis-3-mapper.dtd" >
<mapper namespace="com.example.demo.dao.UserDao" >
    <resultMap id="BaseResultMap" type="com.example.demo.pojo.User" >
        <id column="id" property="id" jdbcType="INTEGER" />
        <result column="name" property="name" jdbcType="VARCHAR" />
        <result column="age" property="age" jdbcType="INTEGER" />
    </resultMap>

    <sql id="Base_Column_List" > 
        id, name, age
    </sql>

    <select id="getAll" resultMap="BaseResultMap"  >
       SELECT 
       <include refid="Base_Column_List" />
       FROM users
    </select>

    <select id="getOne" parameterType="java.lang.Integer" resultMap="BaseResultMap" >
        SELECT 
       <include refid="Base_Column_List" />
       FROM users
       WHERE id = #{id}
    </select>

    <insert id="insert" parameterType="com.example.demo.pojo.User" >
       INSERT INTO 
            users
            (id,name,age) 
        VALUES
            (#{id}, #{name}, #{age})
    </insert>

    <update id="update" parameterType="com.example.demo.pojo.User" >
       UPDATE 
            users 
       SET 
        <if test="name != null">name = #{name},</if>
        <if test="age != null">age = #{age},</if>
       WHERE 
            id = #{id}
    </update>

    <delete id="delete" parameterType="java.lang.Integer" >
       DELETE FROM
             users 
       WHERE 
             id =#{id}
    </delete>
</mapper>